{
  "browser_comparison": {
    "Chrome": {
      "avg_task_time": 50.583,
      "emotion_distribution": {
        "neutral": 69.6551724137931,
        "angry": 12.413793103448276,
        "disgusted": 8.96551724137931,
        "surprised": 4.827586206896552,
        "sad": 3.4482758620689653,
        "fearful": 0.6896551724137931
      }
    },
    "Firefox": {
      "avg_task_time": 38.58,
      "emotion_distribution": {
        "neutral": 46.07843137254902,
        "surprised": 5.392156862745098,
        "angry": 18.627450980392158,
        "disgusted": 29.411764705882355,
        "happy": 0.49019607843137253
      }
    }
  },
  "emotion_stats": {
    "neutral": 55.873925501432666,
    "angry": 16.045845272206304,
    "disgusted": 20.916905444126073,
    "surprised": 5.157593123209169,
    "sad": 1.4326647564469914,
    "fearful": 0.28653295128939826,
    "happy": 0.28653295128939826
  },
  "task_stats": {
    "total_tasks": 6,
    "completed_tasks": 6,
    "avg_task_time": 14.8605
  }
}